[
  {
    "maturity": "15",
    "title": "A Quiet Place",
    "genre": "thriller",
    "id": "f47a8445-17ad-4388-86d2-b3d289a06135",
    "description": "The Abbott family must now face the terrors of the outside world as they fight for survival in silence. Forced to venture into the unknown, they realize that the creatures that hunt by sound are not the only threats that lurk beyond the sand path.",
    "slug": "a-quiet-place",
    "docId": "770qY2GOXvLJx2kLyOy7"
  },
  {
    "title": "Fight Club",
    "maturity": "15",
    "description": "Discontented with his capitalistic lifestyle, a white-collared insomniac forms an underground fight club with Tyler, a careless soap salesman. The project soon spirals down into something sinister.",
    "slug": "fight-club",
    "genre": "drama",
    "id": "64fe530f-21dc-4e8c-92d7-790eb6efe834",
    "docId": "8KwRZCBtEwiHewUXz2rh"
  },
  {
    "id": "9323e057-598d-4d68-a831-d1457638273f",
    "maturity": "15",
    "genre": "drama",
    "description": "Two friends and fellow magicians become bitter enemies after a sudden tragedy. As they devote themselves to this rivalry, they make sacrifices that bring them fame but with terrible consequences.",
    "slug": "the-prestige",
    "title": "The Prestige",
    "docId": "9LUkZYL68IEEXI0lw5yU"
  },
  {
    "genre": "children",
    "maturity": "0",
    "description": "Carl, an old widower, goes off on an adventure in his flying house in search of Paradise Falls, his wife's dream destination.",
    "slug": "up",
    "title": "Up",
    "id": "6e21b1ec-5f99-42fb-b4ca-47fdda86a3ec",
    "docId": "CElKTw0snUMaj67B8vkg"
  },
  {
    "slug": "shutter-island",
    "description": "Teddy Daniels and Chuck Aule, two US marshals, are sent to an asylum on a remote island in order to investigate the disappearance of a patient, where Teddy uncovers a shocking truth about the place.",
    "genre": "suspense",
    "maturity": "15",
    "id": "45174a24-e7ea-45c6-81fd-d5e92df2e078",
    "title": "Shutter Island",
    "docId": "DHTZGnWVOqUR2Quf6YuU"
  },
  {
    "slug": "la-la-land",
    "maturity": "15",
    "description": "Sebastian (Ryan Gosling) and Mia (Emma Stone) are drawn together by their common desire to do what they love. But as success mounts they are faced with decisions that begin...",
    "title": "La La Land",
    "id": "04e05222-579a-44aa-8179-2852383bf56e",
    "genre": "romance",
    "docId": "EiFY6x3OBc3nIBgsfu3J"
  },
  {
    "genre": "thriller",
    "maturity": "15",
    "description": "Forever alone in a crowd, failed comedian Arthur Fleck seeks connection as he walks the streets of Gotham City.",
    "slug": "joker",
    "id": "078e3683-d0f1-4bce-8c1b-2b50196f04f8",
    "title": "Joker",
    "docId": "Gd79i2ZvUV8IDcI8Btrv"
  },
  {
    "title": "Zodiac",
    "maturity": "15",
    "slug": "zodiac",
    "genre": "suspense",
    "description": "Robert Graysmith, a cartoonist by profession, finds himself obsessively thinking about the Zodiac killer. He uses his puzzle-solving abilities to get closer to revealing the identity of the killer.",
    "id": "7902b3be-56fa-4fae-80d5-8847b5b9ce6f",
    "docId": "HtOjrM4E4Ypux2ppwe7x"
  },
  {
    "genre": "suspense",
    "id": "43d95705-3e79-456d-ac9e-8ff75be78d51",
    "slug": "gone-girl",
    "description": "Nick Dunne discovers that the entire media focus has shifted on him when his wife Amy Dunne disappears on the day of their fifth wedding anniversary.",
    "maturity": "15",
    "title": "Gone Girl",
    "docId": "JnjTC2X1kOVdFkK6MZ3d"
  },
  {
    "slug": "black-swan",
    "title": "Black Swan",
    "genre": "thriller",
    "id": "162d92bd-a9bf-457b-b809-327a1d78cae7",
    "maturity": "15",
    "description": "Nina, a ballerina, gets the chance to play the White Swan, Princess Odette. But she finds herself slipping into madness when Thomas, the artistic director, decides that Lily might fit the role better.",
    "docId": "Mnv5HoRvNCTkONhwHIsp"
  },
  {
    "genre": "romance",
    "title": "Titanic",
    "maturity": "15",
    "id": "273872f9-2970-4710-ba81-c3245b7bde49",
    "description": "Seventeen-year-old Rose hails from an aristocratic family and is set to be married. When she boards the Titanic, she meets Jack Dawson, an artist, and falls in love with him.",
    "slug": "titanic",
    "docId": "SXOB1kfK93O8i9kUcU5Z"
  },
  {
    "genre": "children",
    "description": "Gru, a criminal mastermind, adopts three orphans as pawns to carry out the biggest heist in history. His life takes an unexpected turn when the little girls see him as their potential father.",
    "title": "Despicable Me",
    "maturity": "0",
    "id": "27a8a3d7-9769-439e-a32c-e15b357e3353",
    "slug": "despicable-me",
    "docId": "SlNqzJpFQG9zkRWlUE1s"
  },
  {
    "genre": "suspense",
    "id": "d5f40d0d-3bcf-45f0-a894-dbbd01a4b90a",
    "maturity": "15",
    "description": "When the police take time to find Keller Dover's daughter and her friend, he decides to go on a search himself. His desperation leads him closer to finding the truth and also jeopardises his own life.",
    "title": "Prisoners",
    "slug": "prisoners",
    "docId": "TbxbOTUnwQrcmRcjXK2p"
  },
  {
    "genre": "children",
    "maturity": "0",
    "description": "Dracula, who owns a high-end resort for monsters, attempts to keep his daughter from falling in love with Jonathan, a human.",
    "title": "Hotel Transylvania",
    "slug": "hotel-transylvania",
    "id": "5ce49632-de17-4a9a-bc98-bff41bd75bde",
    "docId": "V8BwvfzyBqxYtTTV7PH5"
  },
  {
    "description": "Anna sets out on a journey with an iceman, Kristoff, and his reindeer, Sven, in order to find her sister, Elsa, who has the power to convert any object or person into ice.",
    "slug": "frozen",
    "id": "5c360e31-f42b-4b39-a0ef-86a3e4bea0c1",
    "genre": "children",
    "maturity": "0",
    "title": "Frozen",
    "docId": "bUGImBmMS48AdG7lW72W"
  },
  {
    "maturity": "15",
    "title": "Blue Valentine",
    "genre": "romance",
    "slug": "blue-valentine",
    "description": "Dean and Cynthia are married with a daughter and their marriage is about to fall apart. Both come from dysfunctional families and struggle to make sense of their relationship.",
    "id": "3bf1aa8f-f972-46da-9e85-53da9efb09b9",
    "docId": "cDadHYYTWHL0tqiWZFT6"
  },
  {
    "title": "The Revenant",
    "id": "95c4aed3-69b7-48bb-afa2-094f85995107",
    "maturity": "15",
    "genre": "drama",
    "description": "Hugh Glass, a legendary frontiersman, is severely injured in a bear attack and is abandoned by his hunting crew. He uses his skills to survive and take revenge on his companion, who betrayed him.",
    "slug": "the-revenant",
    "docId": "dYhx2yGTnHOPY1q6wOck"
  },
  {
    "description": "Louis Bloom, a petty thief, realises that he can make money by capturing photographs of criminal activities and starts resorting to extreme tactics to get them.",
    "slug": "nightcrawler",
    "id": "f295cb6a-c8bb-41ca-8190-8e5eda3a1a19",
    "title": "Nightcrawler",
    "maturity": "15",
    "genre": "thriller",
    "docId": "iOPkKknrodlUSM3godgQ"
  },
  {
    "genre": "romance",
    "id": "9ea7afca-a5dd-410b-b996-b4615bc438d7",
    "title": "The Notebook",
    "maturity": "15",
    "description": "Duke reads the story of Allie and Noah, two lovers who were separated by fate, to Ms Hamilton, an old woman who suffers from Alzheimer's, on a daily basis out of his notebook.",
    "slug": "the-notebook",
    "docId": "ifFo5wC6ltxJwcSMi3l4"
  },
  {
    "slug": "the-silence-of-the-lambs",
    "maturity": "15",
    "genre": "thriller",
    "description": "Clarice Starling, an FBI agent, seeks help from Hannibal Lecter, a psychopathic serial killer and former psychiatrist, in order to apprehend another serial killer who has been claiming female victims.",
    "title": "The Silence of The Lambs",
    "id": "af4c5250-0cd3-4805-91f5-f372f81fd914",
    "docId": "q9vPIhqUx5bQFrIXrIXT"
  },
  {
    "id": "3e4c6874-be66-445a-af0a-d2801d17e2e4",
    "title": "A Star Is Born",
    "description": "After falling in love with struggling artist Ally, Jackson, a musician, coaxes her to follow her dreams, while he battles with alcoholism and his personal demons.",
    "genre": "romance",
    "maturity": "15",
    "slug": "a-star-is-born",
    "docId": "qexSUxv3SqFfggGbllXf"
  },
  {
    "maturity": "12",
    "id": "89fc9411-4761-4776-8494-1a425430076c",
    "slug": "the-social-network",
    "title": "The Social Network",
    "genre": "drama",
    "description": "Mark Zuckerberg creates a social networking site, Facebook, with the help of his friend Eduardo Saverin. But soon, a string of lies tears their relationship apart even as Facebook connects people.",
    "docId": "sLbv3iuv9tx9igrK6tNT"
  },
  {
    "maturity": "15",
    "id": "bbb3b587-5743-4f79-aedd-7e35b4149ddb",
    "description": "A serial killer begins murdering people according to the seven deadly sins. Two detectives, one new to the city and the other about to retire, are tasked with apprehending the criminal.",
    "title": "Seven",
    "genre": "suspense",
    "slug": "seven",
    "docId": "sQltFEkqMpMpvM399Qvy"
  },
  {
    "maturity": "15",
    "id": "5cd95aba-9e5d-4cc2-94b3-df69b30d2bff",
    "title": "Kings Speech",
    "description": "King George VI tries to overcome his stammering problem with the help of speech therapist Lionel Logue and makes himself worthy enough to lead his country through World War II.",
    "slug": "kings-speech",
    "genre": "drama",
    "docId": "wKH7vHIWAbgaBxxeXJnl"
  },
  {
    "maturity": "0",
    "slug": "spirited-away",
    "description": "In this animated feature by noted Japanese director Hayao Miyazaki, 10-year-old Chihiro (Rumi Hiiragi) and her parents (Takashi Naitô, Yasuko Sawaguchi) stumble upon a seemingly abandoned amusement park.",
    "genre": "children",
    "id": "5dc35943-faf6-4659-b869-9dfe2b90265c",
    "title": "Spirited Away",
    "docId": "wv2r7TZCKKG6kDaFKXEY"
  }
]
